UTNHKj1oa1RlYW0gSUQ9K1gjOXE4,KzI0V0E7MTc3NmQhaSE/Wk0=,NDkvOCZtXE9TUEl2WVNuSg==,VGRvd2dZV1dpbmRvd3NRNWMsXXJB
TmtdOnZtZkZvciBtYXplMDAuanBnWFFtS1VZKA==,dWh0VWNISTEwMHFmTzNaJF8=
ez8rYHAwSjclWmhORSlO,MUBrTidqajMxRzRPT1RM,VVJteyo6STEwI1d1M35zRg==,TDQwUiRkJzEwUXNSPz1VYw==,Ki06M0ppazZYa29IXihn,c2M2KlZcUzN+SWs5RCF1,VmNvTXwnQTEwV1IyL2tPYg==,VGx6X3lJYTZeN3VxQ0hH,XGhjcToyRTM3b3pYcENw,Wnx9KmhZIzY/djsiPk41
fWxAIWk0VDF4RGcuTTRg,LSljbz9xcjEySEsualNpfg==,NSxkV1JPfDMxVCYuMEd2,b31HUzFjSDEwKn4iSUhRTQ==,KyM2aS9KKzEyYDF1SlYnUA==,PyM8Ly1EOTU0MUBeNV1G,dioyby5tRzdVMn1yc2NX,LG9IUztQIjl3RHowO0ki,QFcyZndVTDEyaUlKe3dsTQ==,I0EoRzBeMDUoKUlVZ0BZ
WlJVdyRmNjFOcScpQlM5,ZiJbb1BVOTE0MGlzXE5faA==,Z0xhRCYxfjltQH0+fTJh,cjwpUTNhSTZ6N1ovOCJb,JENVaEYxdjdWRz5PVmJE,cFFDIjRPWTVbXFpUbEIq,KXYyPUxLNzl0NlRFYE1W,ZTl4W3hoITEwfmpVNSl0Lw==,fUlofmgzaDY9LmBbJ1N5,R1Z0bXhRPDUiVllaUkdq
M10kIW5FcTUmTVkhNTI8,cTN7KmxaYzMoXFFsM29i,U3JrZWl4YDZ3KWV+KiYi,TS4vdmNDfTUycTZiKyJn,OkdGKl0pcjVdVF07IlIu,djl4Ki52YzkycmIpdlIp,Mz4tbDBDfDZMXzN0MGki,YjQyZjs4NzMxaCJkIitl,SlFMJTouWzEySXRBSXUqPA==,dE5ZSWd4IzVxL21qIW9L
Sk13J0M6dTUpc1QwXEN8,XXFpbTA6czVEP1l6IkFw,Ozgpe1pJRzk1WktyUGsl,VyxJKFxRRDEyXzJWNDNWTw==,Z1lud2w+XjFyXDpSNUYp,XjtFTGdcTDE0NTVDYEEjaA==,T0EiZ1N0eTkzaS1hdDgl,PGR3MkdpJzRBMDIlajV1,eSx3N1w6djNoeUJSM0pN,elVrcHxfXjQqdShWJGJO
YGlIKSRsSjUxaSlHeC5B,LSpLOjl9bjk2UVFydl9l,ZmUqPDBgMTZ2X2VdV0Bk,flcuRDYhMjc/Pk4vYCtH,eiNLbSZ3UjFrejQ1aEhD,VmgxYSwuSjEwODl5PElkfQ==,dk9vPVFCazEwXzlycl0mMg==,LiQ/UV5GJTEyYWd5UWFfIg==,YG5RLnNLeDUjVkRJQixT,V0t3UHFtYTEzeT5bRHtFMw==
VWcmPk1qPDlPIUBLWCpe,Sy8nLGJXUjYzQkBkXDpB,JV8mRjJEYjUoK3YlU0Rl,S3N4VWQ3IzFuVylIeEAk,Ynd2aHgjcDg3YikvQTN7,Q2AjViQsfjEwYEFRT3pGWg==,bkBGPXFSVTEwT2ondVxRTg==,Lzd8W1lLRDE0XScpP1VDMw==,c09wej4nLzl6fkJMTCMn,J1ZtczBPPzZbQV06Sngs
Y2Q1MiJ0WDdSL2JDKyk7,Tl89UTV0JzV5akxLTU02,RTNXVDIpUTVodmZqcCxA,NkN9ST4rXjlGYTt9IUpi,Mn1Ca1JJcTYyTUknOCxt,dUNLSCVYbjNfZkl8LHAl,VEBeYVQxQzZ1VkIhITI+,VXBNfUYndjMuODNrRzY3,I2N0Jy1cJzZlJXAwbDJn,NEFidltHJjVSKEV1Y1Z5
KmRRKUV+eDVVWVxKMn53,ZzxcUElHUTVWdjVIfU1J,VXFIUHEzSjlfNyw4YXop,Mkh9TUNrSDE0bGZgeUYhYw==,VCMjS1ZYdzEzPn0vYjJSUA==,Vlo1MmRmNTVuP0pJX2F4,UlxabkBAMDllI11kKyhe,dkZvOEZRVzEyPi1ZOztXUQ==,MUE/OEhJJDV1O2dUZHRc,RDA9W0FHRzUhQF5zTkd2
cVQvKERfWzk/KCI6Vyd+,QDEzUDdTaTgwZSpXdls6,UFdfLkhUUDEwd0RLdD45eQ==,LHFBN28iVjEwdSc/VTZGUw==,aUtsSWUqJjEwQic7PiEtLw==,SXNhJ1lrVDEye05JNWVTdw==,VG4iIlRLbjExTShnV05QWg==,P1k/YCo9VTEwe2F8I0RXTA==,ZDRqeGAzTDhjRHRRQ3VX,fCdWfHUxSjEyfV1oc05LPg==
fGFYRmMjNEZvciBtYXplMDEuanBnNzJRTHk1TA==,WHQlKygncDEwMFg2SFpvKFk=
IS9wfCdgWTdYW1tGX2s5,dC44aC0nRTExRXVTKXQwYA==,cTcsNFh1YTJ+MEtPIiQq,TE0zYVJwdzJxcEM6JEk1,b0JoLU9ZYTZodEZ+c2lK,PTpuRjRRPzdmKmFcJkBF,Ump5WTc0SjNsSSdJOmZC,QzteeTYjczE0bi1nOEklaA==,L3E3NFxJRjcjc2QoZnku,cGdjPSdwPTc3d3J7PSs7
WGF5LkZQNTl0Ty5Nfnk3,fC5vY3VVMjEwSmZhU2dqeg==,Tjc+JiVaTzQ9flpda2Ny,KTh2NGZWYTEzZS5nL3FxdA==,IzhlRD1yTjEzP343NDxDOA==,Ui5cPzVqJzlrMU9XbWg3,VzFIST9nfDBcPSljUXFk,SitDYmJETjEwRSpeUm1mXA==,dFF8LyRwTDBPMTV1eHBx,ODJrcWZpfTR2UkRpNm1O
RHp3SyFqezMsYSwvdzJM,MT9fW0d5OjE0dEQnRTRxSQ==,WGNxfFdnSzFqISVGPSUl,QCphei0hRDI1USMiPCIm,eXlNdkVJQDE0WDl7Sic6Kw==,M01VbXdsTjExcn1zMy5+XQ==,LVVNclBoQzAzK35jK2lU,YToxZ1xrMjE0VDd+IXU+Mw==,ZWR7W2ssUTEzOmZwOEdfIg==,eUZYMT80MDEzbSdhJyJVfg==
dyJ6Uz45JzFnQyYkVC5T,bVt8aWxnXTJ9MFFLQ0pM,b2hsOiR9RDEycGBgKG9HIw==,T35SJy8pazEzKFxtbEtTSQ==,MlF1ckBRZzExYD1cQi9vQw==,U0ZtOkBNazJHSl5JJzV6,ND4wNmc3eTEyIjQnS0JIWg==,XDRrOz5NTzczZHA5OS4h,bmVbKUcuKTdtVDhZSFhX,UGhPLEpIWTc7TXkqJ111
YShqekt1ZjVoW1ZLdSti,PDovOk92ZjFYYUEzVlwu,aC1nNidKZTE0aG9We3ZVJg==,amYreHFyQjdMeWI0JHx5,RzNleToiOTNHXDV1YUdj,O3VcZk02QzhaVXEhNiJs,NjFINyNaLzEwJFcnfWBBYw==,PmYqcH4kNzhDSmprYk5c,dTw2cEt8TDh3R3JaaXxY,aTI+JEovajR0eE5cKSh5
V013MEhLbjU/JDJgdyMj,Q3VFMF9wZjEzbjo6VU52Yw==,TnIwXFEnKzd+OEZfcUEo,Ki5VLERRJTFGQ0RneDJ8,LnYqKEt6RTEybFwuMmxkZw==,RjopU1BlezNRWDcoIXYu,aTR1NHw1ODEwWncmSVh5Pg==,Inl8fnc+OTE0TkwtZXMnfQ==,RCQiWERVKzExVU4oak5adQ==,QjJhSG4tdjEyYEw9UWRKLA==
d3xpO1RbOzV4S2ZTdThF,KHtTISJ7ezdCcHYxIkJA,bDFNLXhHLzE9IiZZNW89,cjNVLFpEVDgnNTl0aXlQ,dkk8RHwrTjJJaF95fjFv,eHZbeSs7Kjg/dDJhQlJ+,cHktUVlaQDJle30vV2I/,cHlfU3dwfjE0VyIsLjpALg==,bGdALzV+Mzc+V1MnZjon,SHNJUUZicjdDZH1OPjls
LmxbTj9UXDlSZCk1TyE5,QjddbXE7bzhATTU1eys6,M1ZIWFxlWTRLL35WTDBu,bUozMW5PYjd0JWZFSylU,cz4kLnQ6bjEzaTFpbEklTA==,S0o0XGRQMDddRWooblAr,anw3X2RncDEzW08wVmBQeg==,IUw4NExeQzdfd14rUUAu,JCskKydBJDEoPHN6KGQ5,L0hdeUpYTzEyOT1lZF8lbw==
eSl1SnhSZjExWFdcQGs0YA==,RS5beD4naTZzUE9FIyV1,XGE3UFlALzE2bnJBWSdf,ejlffU9wcTg4M3JIfGtb,cWhsQEs1MzEwUV1kXTxuYg==,ZydFe25LOjBHNjZlXmVW,UT0taU07UTJwOG0uVytP,R2xCYCclMTB1WUp6RVRq,ckVMNWJFJTh4biNkQGxW,RWVxa2dqTDE0TEQ8Z09eZA==
QmRab2onOjExRlA2OnN8bw==,fVZzOSQsfTgjNyhhSk15,fWM4Jn0lXTgpKllEZX1V,ZmQrSkUpUTEwImpsLEIvYQ==,UTR8RTpSSDE0UUgzbH0uLQ==,d049dHxxWTEzME9DZFhRRA==,PSE2cWVpWTEzQid7fEhdLA==,SDpTSVkhSTkjXEYpfHNN,T0x5U04tSDEwclxaeGxXSw==,XE9lLjNRfTE0dC1cJVM2Qw==
Wi5aSXgya0ZvciBtYXplMDIuanBncG1ZJ3VoRw==,aHM3ezYyUzEwMG0tfE12dm8=
K0FabiRMRzdtY09tQ2Nx,Uns3Mm1xSjc3YzAxe0c3,VVlgQzZzQjExfWw6IlQtJA==,cnJ6dExOZjZzXHs4VDg8,alQkPD5fLzN5S1g9Ilwz,KyRWQC1RUjEwezd6ITUzPA==,XS5mPVtlWDY0RnFFXHpg,NChYbm0sWzdgNHB+S1gh,Zjkvb2xaLzMiYyYqcW9x,c2NbM1hyPzE0bHJVRERwVg==
aHNTP3gnQTUwI1dhdDpS,VD1+OlFLPDVVRTtkMFlW,VlwuMnA7YTExZ2YrN3RdJQ==,TkNPUV9BKDhtN0FJXDNO,MiIhKGdreTBgaSxZMFp7,X2E9d1BQIjE0b3dLWjk7Ow==,aztVRkBRcDl6KUJEVHhg,RGxdJGxKMzhaP1QsZHVt,ZV84aVttKDA9NTB9LiQp,cH1yUiRNNDE0VCohXC9KMg==
IyZ1dCZCNjFWfVhZXGtf,LzFpVUdNQTBbSkpgQF9m,I25MNktjSjEwKVRJdmpPYA==,Z01LYiFAcjE0XiRUNmM3PQ==,KFB8UyVnJzEzaEQoc3F5Vw==,dVUjPWVsejExVl5EU1o3QQ==,NnBLdGd3WzZjV1w0U200,PzpIIlElRDNHOEpKMSVM,d24lQDYrVDhgUHY6KDs7,MnY1XH0iMzE0dSwjSmhyQw==
ZDVKJ2ZMQTEzXmU3RHoxOQ==,b2ZxaV95QzVbYUdPe2Br,Ni51KHVRdzExb3ROSEwnXw==,Yk5QZUw2MjI1J1EpU2JP,U1lDITdWSzE0b20uJEooOg==,X2IkWDkiVTNwKVdFJCV4,QnJaM110OzhOKV5XNk57,fkdNOUQqSDB5fjhCPGBK,L1BxLWNHNDEwbEl2KTlUOg==,X01HI309NjZxVDJYVlYr
M3Y+fjphdjM9bypJVDBH,SnNVYVpvZzBOO1M+YXg3,LFxGRTI6TTJxWS4uKmR9,SGRWbVp3ajhEZ2QxajRL,PH5HYlUhWTJ1PDVeTFtw,S09GfiQ2bzEybzp8aHUlNA==,bDRgTWdIUjExPzcvNzo9TQ==,c0AwQlxHJDB3cnFpaEsh,LShURG5IWzE0SCVuejkyUg==,KTwiWzJLTTEzc1IrNlxYVg==
ZTNXOUQ4JTU7R0ovOjAu,Ni5TJ2g/UjU6Wk9CfCRV,eFxVdkUwVjVQPmJLJ2Ft,XCozUzR8OjExQXdQfEAhSg==,WyhsUUpCcDh8KCtRU25M,dDhJK1pSKTE0OTV1NzJwPQ==,fGlCdG8vdTExdDFMdjUjKA==,JXp5V3dBRjRiND1KWXpS,dVVNMXxCXDNFQXY8JjhG,Z1t3aV1ULjE0MCxsVDlpcw==
Q0pYWk9mQjVbIV9vYSIl,LFo2Ojt9PDU8OFNPdjQo,eXRLOlFMPjU5ZTdeO3pt,PmhOZnZ7fjExam49XiZqZA==,bTJzPmIoezEwcjIha1ArOQ==,PCwvVkI1JDJ5YEQnYUdS,S2ttQ34zRjJoL1lcZVlE,J1p9XU9efDh3aHY0NF47,Rzg3RGtQQThFK1NJZ3RQ,WVN8KWVaITZxI1U/WkFa
PzgwOE0hUzUjQj4sdFkk,Y0pEWDIlJzEzI2l2QlJNeQ==,KiNYbnA+cDEocX0+ZyVP,ZCl1W0FMbzYvLl0kWk9B,VWdRVkFcUDExWlFwJiVAVg==,X0wxWjUyMjEyRCM2O0ZiVA==,ZnYnUi11VDE2PGJyZldW,ekVfM2NRSjZMU2Y0Jm9C,RShKbjM4czN2b0NbZXFd,QitffmpCITEyaDskZFhZQg==
LEVcSzd+RjF2QClaPnxe,KlcnP2tiLDYwKHlla25j,P310U2E9ZzEzd3EhVl9lfQ==,M3s2TlpAWDUqbzxxPig4,emFVXjNoYzMmNXRwbTN4,LCtUXmY4YDEwMUlaUDNFeA==,O0tpPVQrJzR+KWxBKW1m,PjNaVEkuOzVmJ0JhKG45,cUJ0Mj5YPTFaelRlZC0y,Qi0mP3prUzYlTHN+VHBU
ZUFhPUBDRDEzYWhrMVcsfA==,V2hFZGpWYjlIV1MuWWo7,O14uMi8sSzE0TnYoI3xORw==,dmVAUiYmfDEzSC0/MjMoQw==,KDgjJTg6ZzEzKyd0YCEveQ==,bjg8VmwtZzExQzFTXXA1Xg==,Smh+UTVYdzEyKVFVI0c+cw==,fVAzMENRbDEzRnY/ODpNTw==,Sz52WGAyezEzRTFAYi4xVA==,PSFuZzRVfDEzYFs8e1dPYQ==
QCJ2XSNxSkZvciBtYXplMDMuanBnQjRCaU0rVw==,J2U0bH0lYDEwMG5GPHF8e0M=
bjdSMmg1UTdCPVY1NGt2,VWJKLm47XDExXUdldkAhew==,NEckQHRIeTI+e0xGTFhE,WXFncnwvYjE0e0JfS3NLaQ==,dzssPW4zRzNGUTZQLmh2,did4J3EpYzE0THNTa3VabQ==,KjZtXHY+KzNzdE87eSRH,X14lc31vNjJsT0ZKXmst,bStLQGoyaDJCWk9gOUki,K0k7KUFecTZXOkojSFJV
Vl9pZDchPjUhaTZMI0oy,Izx3bWd1czExKSVPUmJAMw==,PUFXYT1TITBBUlgnMmx3,JHBZRTJvRzJUOl85QWgp,K3heNn1hLjhIUE9eWio1,SkBmWXFxSTJVIVlGJzMx,PFh6PyZhejQ4cHZhem4p,ZCJkeDtidjEzQld7R3Rkag==,eGFjJT93KzEzQ3BGUn4+aQ==,ak09LXYhIjVeUCpdbjlL
PGxpOjB7YDFmbiwoTjQj,P2ojVmN7ODEwPUpPPD50JQ==,XkR2W31jSjEyaUs6alZuJw==,MDJRUnkyKDEzYiZLODRcTQ==,NTcuOXQuezExOi1xPmAwLg==,NGBeIiwyazEyMnxEdSY1fg==,IiE/QidFWTlOYCFvT3Bn,WjUwLygxLzJsKUBAMCxD,M1ZqfX1efTE0eyRrIml6VQ==,S25MMzV5UTV4ZkQvXFJM
MyZAWm13fjEzcUAjOEFWMg==,ai19bkNvejExVnsrWF5KWA==,ZjV2VGFYJjZgTS5qPFcm,PTg2eTNEUTNZI25zTm9Q,MkVKTHF2PDJscChud3l+,Ki55dV5xMzEwbW01ZC5qRw==,ZCQhVjVnJDEwRDlzdVxsdg==,YmM/TDZVajAjTmdHP21+,eENdXl1XMTE0UnIwNHw7SA==,cWxeLVQ/ezVDRTZQWlJU
MGc1OSVtaTN8RXU3fmJz,NCcyJEIzOTEwbSpKSzhEXA==,WEA0d25rWjhHYUdmJD5R,K2A/Sks6WzRcO0dWIkIh,XX1lP1lELTEzRC95N0tNcQ==,cihdXDp7WjMwUSpVUnZA,YiZ4eUhONjEwJnA6dTxGPg==,Xig0SiRfNjBrWkVlZCxF,JWJ2V1hcdjE0Yio2XmlPdQ==,M25rZk1tQDUsW3hRSVFQ
cT9JLX5OdTEzLXg0UyUyaw==,QlxYJXZaZTExdVUhRjBWcw==,OXklcl9KIzEwKkM5dVpNUw==,eTdtTjc6MDQ9aHtmdic6,KG03d2NvPjNxUjglNUU/,KDtmQFMwOzEyentjN3AiZA==,YTMmbCIjUzExaShtIWJ6RA==,cG5SandjNzBLZXp8O3cv,SSxwfigpKjE0Py1MV3g+XQ==,R2VHbCdFajVydyg+fDdg
N1hzJkk0fDExVSh+dDg/Xw==,XlVCPTYhUzEwYDg/O3QpUA==,IyQ+eCInbzIoTFd1aml8,OXlnS2R3WzQrJG9gYigj,OldVZ0hDMTVrUDdcVl5g,Nn5PQyM1cTdxTjpyTGle,TE5YfGpURTdCPUkhTjQh,T2A9dCxONDFOSCI7cW1j,OiReR0FQMTZBdz4hM2lO,NUxVZ0w5PzEzOjB4Nj8rYw==
d3JePkBIOzMhcCVbS3Qz,VD1Ba1tIVTJLZkAsQWBJ,MmZHZWVyIzRKNltUPnNK,VFsoZzNFQTEzbVZXYTVVLg==,XmhXeHghazEzXj0vKSpdMA==,ai9RWWB1UjFtPXB9YX1g,O3tLazcmTzAwSH0mSFxk,W3JiPk5rQzQ4Wzk9US15,dTU7XFQsRTlIYUstbzRt,fGFMZSYkcjZrZjd8LCND
QmtQPCd4fTEzTH1wfj8weQ==,clpLPzskIjUkb3wuRmxF,VGRcPmd6UDEzZ190b0dAdw==,K3RMUyMnPzExQEJlQT9efQ==,ezpUWCV1ODEwM3NULDcsLQ==,JWpjYGpsTTEyM2JUSmU4bA==,bTpFP0RdejVoYzg/dkBm,X3JUOlw4ITVOeVZ0dzpv,MGNaMUYjXjExV0w1P1xLVg==,JUBCNyovMDRLMy5LUTk+
fFFWOyNBWTExay4uJCFUMA==,b3xXSmJuKTEyTkk9JFdvQw==,fT5vMEBHTTExakg7bDAjOA==,Sj82REhGUTEwT1tZcjlJPg==,PkRLKUojWTEwZ1YoeWpQKg==,K1A1VFJmUTEwa3Q/Zll+Yg==,QjVvMzJTNzEyWidoZkddRA==,XDtJPTI+YzEze1l7L2sqYw==,RShiKj9PVjExNVx3NmJcVA==,aVZjO1tsPzEyZ1tRVlo+PQ==
TnRcZHxkY0ZvciBtYXplMDQuanBnNFxOfC5ZPg==,cGAnOFJbMTEwMConKD5mZCc=
K0pJUlQ3Uzd4RmI4eSFU,Q3Q4MiVNRzExNEk0ZEMuLA==,ZWN3YX1oTDJ5a3NaMCV3,emYmTTVFRTEwOidqSHRVZQ==,SWhmM1YrSTEwMHRHUDVALA==,MSNaZHY3VTEwYVQ8XENQYw==,NnRGK3Q4XTZrbm0+SlxV,VTNJRUQ3TDMxZ1ljd3w/,RVY0Pi10KDE0bWRYMUpIdw==,SXpIJHNoSzctQklKIyMz
NlAnYHBvUDUuY2EuS3B2,UjVEP01McTc2TDwlNlVt,RGNVYW1ZNDEzcy8sQVJCTA==,dk5xaS96XTcqWWgwVUR4,QEF1JEJ+cjctSkJPL2JZ,JkxpMGhDVDExRS51dFJ4TQ==,N0BzYjhpXjBKV0VkbUBX,Ri02XHp3NjRIUE1UZk84,Jn1BJEN1QDMiaXlWP3Rs,dyV8VDcxIjEyc2ltdiNqPw==
M3pmfltwVzFBRC9rOXdv,VkonQipqLzEyVjJTSFAjdw==,cD9dbycnbjdZdVIqRixA,WD9RLzVVSDk7J3l9WmQp,TCwzJXxYMDRuLTldO0dt,KyhmenZARDdrKjBffVlj,dDZvb341cDEzaXAjKm1MQQ==,MGsqKnR5TDVxYn05N3hr,U2NVXChebjFgcUlpJUxa,VmhuOnFaJDE0QjE4fkRsaA==
bzs+cTVjbjFUVnZqKW9k,TVV5XFxtcjE0UXMrJHBIcQ==,blg/O1skJzF3bk9kXGYj,SHFQdyZyXTZqPlM8azhG,biR3cXtHNjF5LTksaChr,SGVLXldySjR2bjtLT3dR,LDRVK09hMjcwX18kfklo,aTp3ZVJ1ZDUxNip7cVUv,OUktR09kezU5QlElIVwv,IUg7dXxXbjdqSDw0ZC1w
J21gM0FjSDFgXiw6PEUi,eExvakpaMjE0NSF6a3Vzdg==,dEApay1PWjEzd1ZpJlA+UA==,JEhEZ1dcRTV6c0tML0h8,a2JmaXJ2QDEzLGhGXF4kQg==,LkFBbXxGPzluQn50cEM0,JksuZEcqeDBDSm84ZiR7,RSZufHljJDglMEZOREsv,JXRMI2ExLzgxZX5IfSQp,Mz4mLFlYbDEyfXJNTX55RA==
UG1dJ216VDlES3oiSzNN,VTJDPVUvbTEwKjBwZV5IIQ==,b1lxRG43YzYtV2VtNWhc,LD5WPlpVdTl+TSkuJG0l,Mm1wRyhuJTEwPlhTejolWw==,RGFVV3tJfjJpMDZmZlR0,LFYwKk5mLzhsd1FtZ04s,byc+Ty8nbTJtYyglPWNN,c09OPyV3UDEwdD1ROztObQ==,aWwtbWwtKTE0QTdsalRxfA==
cipxT2VLJDc9MSI1XEB1,RXshYD08MTM3Z0s8J3kt,VGMtck1GWTRpNUA+J1sp,M0p5OWpyMzddLTwsZVF2,VCMxcFBYYTExPjZbOVc4ew==,dCdzVjomKDEyOWRIX2BXfg==,YUtqJ0UtXzduJig+ZEJY,dlQ1KzYtQzE5RkUyZi13,STU1aVc8dTEwQzgrQm99Ng==,THhZQ11nODE0JD8vWStSRg==
XFhWYXJAITk1aSZKJ3x9,ayhRQjQpTDRnSld3Ozhx,RGwxfjtrYjEzTH1qMHxGXw==,emNPX3BzQTksNU5dJVZ8,VyRceXg7RzEwJ1MqcFdvXg==,V1B3LFhhWjJCdFdlPSMv,dUxwYGFXTjhnLilybl9j,cjlFejRCOTBWNUskI1xS,QmdYaCExKDJCdDlPdVE5,e2BTPmErYDE0Wl4kd094Zg==
P2hyRGgiQzM8LWM0JUJr,cyItOzVDWDAldmZEUVsu,NSNzP2ZyUjEwYiJJQyJ7SA==,VCJGZnlbajZZcnRqdHQ/,Ij93LGlHJDExP2otOTAoSg==,Qy5MWEZBZzQvfXpnLDci,cE1dQ3VKLjExNkt8YUpkXA==,V11IbUwjdzEyMlIlQTUvYQ==,XEo/ZDJvLjFXPjl5PCQp,bGIyUUdLeDE0YH08bmJdcg==
XzVtelNqeDEzT0poNz17aA==,ZTE4Wnw6bzEzX0F8LT9SSQ==,X1ZxekM8dTExRzQwREYjew==,fUEiby53NjgsIWdZI0E7,K3svIm54SzEwRXctNmdNWA==,Sn4pO2x6JDhgNVUhYVQx,PXBTX3t7KTEwK3FuWjVcfg==,Um5gbyJ3MjE0OUpxTWYnQQ==,S1o5ZkQ0TjlULU9+cmdG,QHlILG0zaTE0TG1bQmFDdw==
KTBCYHR9JkZvciBtYXplMDUuanBnc1sjdTEiNQ==,bWFKVi0jXjEwMEF2QiJ0R2s=
ek98blpiJDdIaWkpXEZw,LlomfTRLOjNTKFhxIjc+,akEkWzNUPTEwPUQ2LywjJg==,cHZBczVPOTE0V0MkfHs3cw==,PWtLcFA5TjMmV00zUWxm,YFE6UGJsMjJEL0NVK3ZH,YiJFYyc/dTEwM2ctMiMkOw==,Ri9bJGVkJDE0PCdsO3Brcg==,eHpQLEJmWDExdChTMzFzaw==,eHd5NlwiIzZJWWwjfXh0
S1lHSCk3KTU+KitraUNT,NzhFMGh6azFvW3BuS0Z3,a0JNR24tazE0eF5OPyxLMQ==,SWBeSTtnOjExO2l2YUZsVw==,Pm98dUdbdTQse2FeXU1F,ZmdWPSdOLjk6bHNFQHs2,c0MvZiEmLDZOQVhoYThM,fU5HbDFmXTExaWZsNlBpLQ==,bXdXalRmNzEwfkAxS1UxKw==,N1d8PWN6dDR1WzQrPjxa
WlooM346ezEuWysoRTFU,NUk3bz8vQjB4TlRaPWNA,SD0naG5MLDJXJCJ4UDtc,OThaaG12WDE0c1xIUTRUbg==,dkxwIktxSjEzKkhRRnlBUg==,J1w+TzRiezExOT84XjwvRQ==,ezBeNzwnLTBJWjFnbCJv,OmdrLCoifDE0WEw7dk9JMg==,bm5lO09qbzM5Mi1zYj4m,UEQnfFw7KTEyXklmS1QpKw==
QW4tO3p2WTVURDs8a2dH,XjYmKS5gRTEzckw/M1p1LA==,LlVkaypecjlgL24/TytZ,U2tVMlApPzJnbXN1eEx5,LWBGdTx7PjEwIyZZWFp8Jw==,Wm0tNj53UDEwSEJlWHBuZA==,WSteVHspZzReUy5jbHxE,d1N1RypceDdsTXk5aCUi,KkExaHRJWTV6VTEnOFtA,IkUxXUA1cDcjYDYvUkAi
YTZrTiwoTzlKVm9dLWkm,PmdiS1ksejE0Mnx6Y2pbMQ==,OWV6N0ZFZzExOXVSVl5iTw==,UiROciNsajEyTUxVRE1bMA==,KTt3TUxTMjNFRnQ2c0Yn,PihCdVJmejEwKFFhRSw0dw==,Jj85eSFqNjhzNj1dczNi,XlpTSSZafjBjUz1uVipg,Nng/QXA0OjhWfFBNSVg9,YltwRGQ3VzEyXHwvZmYzbA==
cWoiTi1YODExb1l0KmJyYw==,RVR+Q2p1WTYjfF9hYjVg,NGgvL1NEajExPmJGci19ZQ==,QDQ+RmliSDEwOzwkayVYVw==,fXYpLmQpVTEyRTJ+O248Nw==,W2w2SX01UzcwZlYkVlxt,QkpDOF8mdTExJUp1bUgoQQ==,TkxDZFtiJjRUdldwbTw3,fCZNVnxmbzNxMj1HK3M+,Lzckc3wkVDE0NnpwbGd3UA==
TDwjYj9ScDExbS8rS2sjZA==,WVFheDFhUzBON0FGKnli,e10xfV02RTEwdSs9KCY5Xw==,J0BEZHBXPzEwdFB2b1VhJw==,UVxuLHooOzZ8Jy1IJ2c9,bXVYSkhjbTFWNjB+OFxo,Xy14YicqTjJLN3d7XzIt,eDdPJl55NTBHO0csQyxS,czItfkB4TjBRako4R2Y8,O2ZMXzhKZzE0V0syTUknKA==
SUNGbSxycjExeFA6T3ArcQ==,bHkoZiFxSTEyJX5rT1debw==,Ui1SXSJpaDExZUtYc2dwIQ==,Rno1ZGFHMTI+OGInPCd6,c1RfSmROdTBbSmxEK19i,NEUvcHFuVTRbc29LPmRy,bmtMd3dhTjU6OTo1Vz4j,QERMK2VvYjEzQ1QibSsnew==,QVNEXCxpOzlbLTk+byIh,S3siVXlwYzYrJDljd3BN
bWVVQEJ4ITExU3B9fiRjPA==,bzRyQSVtTjEwLVpBWTAiIQ==,fkRja0t2bTJPOio/fCgt,d0o3fEtnJTRHcndKTXVR,VEJ7d2xhLjEzcG98dCJOYg==,L1ZybltTNDVQLSk8VG1h,YUhKN0phMzExP0c1d1JD,V19QcFpSOjImP31JYDJH,NWFyMUN4dDZHK0A1dztP,NmEsWGFGaTVBKjNOc2Y4
QEpwI00wPTExd3hqMzFJRQ==,LHpqRCc+UTEwRlhzaW0vYA==,aHFNdDlyTTEyJU8jdCpsIQ==,JmNnL2lkJjEzdjNWaHNoXg==,ZzM0VDQrcjExM0RFRSpGLw==,dl5JJEFVejEyTDVIOCZIVg==,Qjs1dEpKdzEzJGhWfDE+YQ==,d3JkK1M+IjEzZ21xeTErOw==,WypgP203WjEzQElZcUt2RA==,PGw7PiU5LzEzOTsoVXV6cg==
XEU2ISh+IkZvciBtYXplMDYuanBnV1FaMjkrcg==,PERrUDk2UjEwMEllYDd5QkE=
V29DREx+YzcmViVDOThm,OSEjJitbJTMmJlVKOUM/,UWZWeil0TjZEYmpncV5u,eSpRcV5sODNBP2F7IVwk,ZkVaNCNnajZFb292MjYo,OEclVmIoITMzK31dRVNJ,KCkubUNHZTEwNEJBeVF2UQ==,QF5IZEIuJzIqeTwkbz1m,ckpmJURxNDEwVS46W19ARQ==,IyR+ejJTLTYvPWp6TFBg
WDgndlBzLDElJm4yO0o9,eCZ9JD1PNDEyUS4+e212Jw==,XjY8QUVRSTlERmxAWV8j,aTIkZ0oqbTEyNDI8QzcvYQ==,UzBFTk81OTk4PFo2RGt7,XTx1djExbjEydkJSJmYjUg==,LD49PTBVVjNhYjlyNXYj,L3Ysd08rYDEyUC1LdydbWA==,YDxAPiI+NzdKMWZie0o9,Wmg3TlZFYjVbZnpcSEl8
T107XzZQRjlIJWsyRSdW,aHdzN317MDEwbnZiYHFcUw==,cCUnWjgjJDEwSFBVa3VVaQ==,QHF3Zy1SSzYrI0E4Lkcq,KkwrMVNtdDd1LmJQY2hw,NislKDJjQDMmKXdVbzBr,aHkvWFc0JjEySVk/ey0pNg==,PCJuJmZuPzExJCpXPFg2Uw==,SzBsbFh4OjQ0VjZkLDQv,QFs4RTROaDVHfU4yPldS
VDpQMDNYJDMvUmlGXDlb,fDZdT1pQMTZ3N2dNR2Q9,ZXoyTTByKjMxa3x2SThK,K2xuNCpOZjEyQTViW3U9cQ==,dVJrJUFqPDV3RnErUCJM,SyFZK25aZzlJSysqM3F1,P1M3XlduKTEwNmR7QG1uZg==,XCdrTixaZTZaW3ZsX3tO,YGB+SzotMjV8d2E/UjRl,S29Wdyp7YDVLLld9bllU
OHBOZ3w2KjVlViVnQkRo,K2JoTkpWRDllbTNAd0Qj,bmduZm94UjgwI0VoWjJ4,U2M+a1w7JDE0Y20tbUAqQQ==,KSQjJjRRJDEudkE8N3Ev,bUdGUCZ0SDJBbFI2bi1C,In1ZWkRgPDE0ZnV1fmVoaQ==,PUZkIm07ZDUlJXxRMmUj,KWhjbjIiODFnUDV5WWtv,c1I4c19iUjEyIkdcenBzfA==
bk1kMFlMRjVVfkhzZUJj,NF19MWsxfjExeUp6RXdYew==,InM9b3JHMTJZbWdATDVc,YDstWlRsRDI1IUBhMjFA,KE98XGtlfDEyMzNRXV9WfA==,K20mQVNFODVBQXE4bjgv,Y3A2QHRxLTMuTTd4bXpk,SS8jRS9QLDEySjkwM2FDNA==,fUB1W3xVKTVZbV90aXlO,c11PVCFgeDcoQWQjfnEq
dlJ3I0t0eTk2MzdHLixf,XChxSjo8QjZGeVslQz5E,JzpNNztyJjV7VV1HRCRt,QVJrQTUmQDVkb210U1h2,LVhUbGM8QDExTWNyd2xiaQ==,Jn1MciE6ITQualRwWT96,Ulx0Sn5CSzl8Mk9tdk9p,NEJceC5nOjZHJWo0PHBp,MnF8SiY5WDlQPXQzJl04,aUAsS2EsWzR6XWc1YXkx
MndqPiVYMTNydCQwNTMj,e3JpbV9cdDEyaSMzcys6Mw==,MnJgQlZNMzEzc1tfXFlibw==,LSNgTFtzNDl2RyF+LHlP,JEovSUdSPDYzQ1RnYVE4,aTxcUVdpLjltaG8kRSp2,fnE8dHJ6STZMZj85OCsj,MG06RzI8MzU6MnNMWTk+,Q2twW2cjYzdsa3Y7Qywz,ZCFUeF5jTTVJTClVXnBh
N2xWXG1gQTVmPVZqMiZa,R01vcDF4UDMtaEYreWVT,akk3NnBMMDEwSFo1Xl1NIQ==,OjZFR2ViYjZeT0hcZy8+,OXdFUlhBMjUoa0l1J35t,XnU5JSF5LDExanVfaXs1TQ==,aiIzSXB5ITEyLCVqOW9mZA==,KXkpQSInUDVzOlBieDxD,UFktIy0sITUxQWJXPlU0,dzxPOUV4NjVSZydqRjtZ
L1pGKmNLfjl6QWBkYVpC,TVxnOH5EWjEyKnFtXzQvJg==,V1Z4QjFiVDExSDpPbHdxeA==,anAjJSwyRzhgQF1bRE5E,NywnZmBiczEyaisjZzQ2RA==,eFVcaV9ccTExI2U1VC1qaA==,aFNzfUJIVDEwOidVMXJRNA==,d0JQVGldZzEyVW5bOUpvRQ==,SVN6SHp9IjlMbT4uOUZu,Jj4jfWYhcDEyJFhceSU9Pw==
ZnZQOT11O0ZvciBtYXplMDcuanBnM2MxaSVnag==,TTNrd0ZATjEwMDtQOlkueyU=
bmY+eUpZLjNHIzBGbSgq,bVRbJXlYbTE0NTg+OXZDbg==,RDwwVk0yLzM0LXFYYkQk,K1l6QkUtTjEwKUNeIjBfNA==,JjQvYFcuJTEwPVVVRURXNg==,UkZJQl9nRjEwNjRzdiR6XQ==,UGxPWyZYMDEwQEV8VE05JQ==,eU9MMV1AIzJUXn1HazxE,bExqKTFkIjEwKiZSXVxAQA==,QWl5JEQxSTZAclw7MUJL
T1xcLXM1TzVsKEtvYmBt,MGJYUSdifDMsVk8+ImFd,R1IxMj5nfjEyPVlLTUo2JA==,JD5MclEoeDExem89JE5yTg==,TDFmUkFcVzZuJj0hQUAn,VkBcOnBBVzNjUXozIkQ/,UXsrbWFcUTZJaSh7aTB9,MUgzVWlxRjEzLnRmRmFhdQ==,Uy5TL3JefDNKNkhLT1dg,UnMwSllUfTR9YDZDTkJ8
b0lTKkUnRjVWOGtyPVdM,ODkmcjtjfjlOO0V3PWNz,T3NMZ3M0NzJVJ31yIi8j,J3IrLyt7WDEwNClOJ1MkRw==,aXJkamE9NDEyaXhBJzB2IQ==,bX1sYV93SjVaJz96K0pM,VUdiVGRbbjksaWAnOic3,TFk4fDJiYDZfJyM/b3c/,Kj9PI2QiZjVDdiouaSJe,ZUpIeTJQXzEzdy13PD8pIw==
dW1VQzg3LTF7cyxbYz5A,dGkjekxMIzE0Y20tWjE8NA==,TzBJXGRQZDVRQG8kPCsu,Ml1uajNHKTNeYjFOPmxn,UWdYMlNCXTYtdlpLaXwp,UmAlWUc4RDlGSCFZdHU7,U0tjSj45bzZNM3RVaH0s,ISd5UHo/fDVYe3V0WSlB,eiUsIVQmQjk1Z0RKTW88,YTxcfC1LLjZ4I259Xnsw
Lix+XWA/JDlMSl9iVipE,SmxjOntfLjEwSiswKUdYdg==,KGk5Y2FpfjEyMzcnbn4pYA==,eUdkWnMmQjUkRTV3J2BN,J05yVjxpIzlDL3NYV1No,ZHkiZ08/aDEwM09AX3Z+UA==,Z0MuJXZqSTEyRltse3tQRw==,dTE9UG48XDVyM1RhLUZU,Nnd8Qk46PjNPXlBFXD0+,MFVBZlA1XTEyZ2BpbiokVA==
b3wsSCFmXzMscFwoU0kn,Ik9USyJHYzEwM3k5cDhAVA==,K09PdEtgcDZhaz4yZTVL,KzlcJGhccTVLO1N+aEZk,fFktRHdzTTc6ZzxmQlYk,NyRLRiQmMjNILChqJiVV,IWlCUV4kTTEwSj9xc04vUQ==,NWojeWpOWDEyKVVBWTkxUg==,XVZQW3VxfDlkb2VNeitR,IilpN31TVDZSQHEzaUdv
KmtCeFcmMTU1SkddazFI,ckY0djlVQjExInBxMSU/cw==,cHVBdzwlYzglOlJONSt2,PG8nXT43KTEydk5qdk9yIQ==,V118dToxUDVdYydeU2Fn,SX19dl92ZzVyQColMHJu,el1nYXAmVjN9KUwhRnc3,QT90TkVcWzZhMSNRNDpC,IikjVlcqaTMiMHdNa2Nd,LmNLTUc2TjEyRkp4JCp7Og==
OkV8Q3klODUhS3xwUThp,LyRTeGlqSzdEQloxQXVD,UD49XGlicTMmW2s8d1o3,P3krVE9mOTEwdzZLJE5xVg==,LCtERGNPLzRgfHsiQ0Yz,OWdnJlFGSTU0akVkVlJh,MS1LdEtpPjU9REtyLj5Z,bzZiQjBVMTVPcGQ6XG1M,VzZeYzxMIzlDVy4vQUEn,NDpeRUw5ZTYlI3haLmFI
IjYyX0ZJVjVeKSJlRzMp,ZV9wNWNeUjU1aVYqUF94,bFd4JyRaLTlHKCdYdGAi,Y0Uvdj1oQTZDNFByUXgo,Lm4mZWd1OTVXQ0ozaSQr,Iy8jekdvQDkxfGYxS00n,TnAyZEMoKjEyW0c8Imw4aw==,Qn56cz1Hfjklc0VHSTIi,TXBjLE9AeTZbSkxNTyxf,PGA8YkV+PDU8emMzSl5r
aCxGaUpPKjk0e3tdWWIs,NFptXlBVTjEyWFM2NlVMYw==,VjZeeSpzXDExfnJxJTEiYw==,a25GeTJxWjEyNFxgQ25FOw==,VSJWOjhKUjlwUnc8P1Z3,OzlKJzBRMjEwcEQpZWQ9dA==,LzxqIUlaZDEwSlslcFtePQ==,Jj9cc0Q2IzEwUUp0V3ZTdw==,SFJGIVUvcjhqOiZWJS49,Yy0uIUZiNTEya0VcYCc9Yw==
YSZYNW5WLUZvciBtYXplMDguanBnUC1seCZYSA==,ME5WUS9sSDk2WiQ9NkRTQg==
UmpndWxnYTN7d2lDYUJC,TkhEInRpXDJQI0tEMmFq,LWZjKzgnTjEwaXk/PitrOA==,dndncUhEWzEwWH59JGpdRA==,O2IxPWVUQTEwNFY1flRKeQ==,RFhIdnZ0JjEwLG55bn5KZQ==,Uz4kKDYiKjZ4VU9eM1dG,cFB0O0IpSzExQjBaMEw2LQ==,SDNcXDgpSDJPSTZvQV4p,PltNRislczE0MUJjTTVKMw==
Zz0pPV9cUjVNbSJTYz1s,K2ZFLXhfczV+VSNvfCJ0,VX12d002UDMmMnNCZ15v,N2twUTtiQTEwZXE+e2YhMA==,NztXV1AyRDEwVi97JGNOLA==,Rno3QmorYzY7TjFlZVA7,LzQyc119Zjl2N3ZIJS9v,eCJHV0hbPjZdTiVaKXAp,IktkJ0wlJzEzakIzanAqTQ==,RWVWSHxgSTdRUzFyJXNE
Z1A2NjRybTVlYS1Tdycl,N3tKMFFSUDlRPF9tJ05b,SF9XaUhbXDgtLkVuMU40,TWB2PntrcjEwR3pyXkFVaQ==,fC10N086STE0c3the2xaTw==,cFxaOC5kPDVPVXxJN3Z1,Z1w7Kyh4KjMxc1QuTnVr,KG8xLlNwNDhdOD5PMip4,R2AkNXNcNTEwOzZHRmAveA==,LyIsc0pTSjRcL316JTNs
R2szLl9aPTU/aH4zZ1hj,cGlrUkp4cjMkWSNlX2Fb,W1luIyIudTZzXT13RDh+,bVItLVt7ZTNyWmIkbGx6,OFs3PVc/ZTEwJXYnIUY3Tw==,U1BcLUgwQzEyTikhbHlpRw==,NyFcQH0/bzEzRkI1WTBUZA==,TWhjYU83eTNUNz86UlRx,VGJIdjosRDZDX18pcnZV,N05xPydEPjEzfXYxMlh8MQ==
amlWPm47SjlETE1FX1Mn,NlQlXk9gYzEydHskJSJEXQ==,QTBIT2VfXTVOKiNfVWFW,N15kcE00azkxN2xUP04z,OSJNKHN7UjEwQkUmXzYoSw==,R1IrcG0vUjEwVC9tOHM7Vg==,NytFU2o/QzEwOF9hSF9kNA==,fSs+TTE/ODEycWtVMCxybQ==,ZDInLWs/UTk4JDBPQTlH,WUhrRUd6ezZYNGp6YH1f
J0F7N2t2YTNnJGZ5fEUr,Z2BCc3hXJzE0bkM6fD0mSQ==,UzBCInArcTlMdFxMYkZw,PCJ2Iyx2OzEwRGV6RzRYLA==,UE9pbXB2ZzEwOVQmSXB0Wg==,YTRQNTJrWTEwLWkvM2UjUA==,eitrL2YxLjJfYWEqUV5f,a2xfempfezE0NlZlVl0tRQ==,JXs+VUg5STNiVydhXE1r,SUVTOyg7PjEyJmp2MncyLg==
fHdNYE8+QDFZJVpifjNJ,aGo6ci00ZjY5ZTsscyVn,c2ZHL3pMQjNgfXEqZjZ9,MWReKTFnJjEwezItMF1HTg==,YEpxRnE2WTJtJ3pZP18w,WHlFJDhALDE0XGo5W1dvKg==,IlxHVSZEOjVVNjF6SWZE,cmB8Om4tSzNXTSVxJXto,Pz1ZenFvYTEyPVhZP2hzUw==,Um4kM3AhOjckdUMzYlJ2
T2MiPHB0ajV8XStQYUt8,aEQySHRbMjljbCg7am5w,Syh3RXonNjEyMHw9YUVDbg==,Mk8/eyxYWzdCLXkqKFZ1,ai86UV1ySzlPa11bV3Rk,KVw0Q3AlajEwRWJFKmY2Rw==,QF04Yyg+KzEyX302JyF5Rg==,fHxpejEhfDEzT3haVmxdVg==,bT1QR1MudTN4MGtYdkdJ,cEQteDEwdjRvSGc9Rl1l
Sy1wK2BbdzlEdlJdRGxX,QXlsXWo6XTZqTjJSVlMv,c255JiwhOzNHS3VqQUcv,VikuaUEmfTRMdih8dCl3,cjVWMTQ8TjNVaW5sT0dt,cmtyKHtEXTEwXyVpVnFKSg==,fFN6YDdhfDEwLVlzWHRnPg==,QHQ0Umw4IjZNPHI6QUNS,LixCbiY0dzEzLVt4ak9eQg==,RmRtPkFzJjUwZCdNU1Bx
TmhbbUZBXTExTkwqRHVVUA==,diMkRSJ8SzhcNSpmMyZ3,NCNIWVw3TjEyRUwjXU9Wdg==,W3A2aT0rdzkue11uZy4v,ZUVQO0RdTzEyUCRMNGotLA==,cGRFUnw7TjExJHg5MV5VSA==,Yk9HRVZKejEwKGU+fG1hMA==,JHBfIX1xMjh1a0RKM1pT,bVk1JHJffjEwd34mOjNmZw==,ZHsteDFoVzEyWidSbltHZg==
PD9HTSwiPEZvciBtYXplMDkuanBnPUskVD0sLw==,dStUeWQoXDEwMFpFTmtqTSM=
bCdPUX1IeDM6Kl1oLFFX,WjB1Z18hTzJoO3F2S1tr,fl1CfC58WDEwTFN2LlZIOQ==,LExWRTx3TjE0P0okcz9hMw==,LEZmYnZuWzNsIUB1TCxu,J2wrKDIiTzEwfEAoLXNxeg==,WFtlUEJQZTEwM2hwZlxVPA==,LmA6eihRMzY1P0o2U2dW,ckAmJ29OdjExVDt1Ki1LRQ==,Z2pSZE14ajYjNS5HLlZr
R0ZgXjhSXDVNMlB7TUZt,d2U5TTc4SjV9TXcmdVIw,TDNoSy19KjExTVteMEV2Ow==,TGFbSjF5SDEwTmhALj5EPA==,TmdQYXR+PzEyT3c8Vm9jMQ==,YF1jaj00QjNvcURYXXRQ,LHVpYnpmZjE0PytIY3M7Tw==,N2pddilrTzl8Qlc4enZ6,WmVpcW5leDEwVVxvXUBKdQ==,WEAhXUpsMzR6cklyX1NN
b1F3SV9yXjVvUiZ9dU4s,WDVGYUFFajlPLz8sRUY1,P29nXWhPajZDY25lKmZb,W25CLW8hZzNpeS5yKDBi,PyJCfH1sajEwZFdZJWdvLA==,XGQ8LXhcQjghV3QqMkQ4,I08pZ3w/ITEwPl5AKTlpYw==,Rzc2KiQnYjEwVnYmSHwjLQ==,NldxIS59YDEwSDQ6QC9JQw==,UmhrdyZheDEybmJwZGYveQ==
IXImcF1ZTjU0QnROO14w,YVhNJC4lXTNvOVlPUjle,RFhfT0t+IjR+XlQpMU5S,L0AnMHImKTkpYSMmJGxP,ISVOLk5tZDZPLUU7JyY8,fH13Zk4tVTNvMTVeYGNr,PE1nTSchIzJGXExAQVNh,eCEhVTVFfTEwVHQ8d15FZA==,ej1ZdUonQDEwOFEnMmYzTA==,XSNvJnc6IjE0dyc+PjM1ZA==
O2NqeEk7OzV1TV5MOmE9,QWd8SzN5LzVKTkBQe3Uv,XW5ZKV1QYTVEOHJCZlBi,UTpTQTxcczNFU0dJJFs1,R3FyYTI8QzEyPXNNNyl3RA==,VWFeMWgvazUkYid8VCYm,UVRIOit+fDEzU0l7dzp9KQ==,bXVfRjd9YDN3akQ2TS59,SFB7T0hcNDEwX0p+VCNBcg==,Zy9gK2JEfjZNcTdzOVUw
ZGFLbXRaSDVib0giWHIh,OVdBXURZcjUtMWY/Qlph,Ijc+eE1sKzVuc3prPEhY,S2luLkROTTVjQzpKNzUy,RUshfVM2STdecUdoLDsq,JyRYfCtwWDFQfnApXz14,SklEVF8zezZkPFg4YWhS,JU97RjUhMDVSLnVySixJ,NjZjfUNucjMqamc2dSRZ,ZT8qRFhWXjRkZ0Z5cnld
RFVSem8wJzVLR2JSTSNA,O1hycGh+JDU/ZmJebCNo,QW9JWD83JTEzRnNiLlBXTg==,LylHJ34+LjVBSGtyRTMs,bnBDL2JwczlVLjo/PmE8,amtUIVVqVzEyZHFufiVLKg==,VyFNbTEzNjVuVCw9JWA5,M1RsVEpdaDVUO3tGImxF,ZkRpTU5ZeDV9VSowdE5d,QVRrZj13dTV9Ji45cVEu
dz4zKCVpJjVMPSUkXGI5,Rnskb1dBVjl0UHJ3TlIo,LjFSOV80QTZZfndHLCI5,USlvWGx1bzk8SXZIJTtC,MDlXcmAoZDYpOWkuezZ2,b1hUeWp6RjM9O29mfFRi,TFU7Y2hncDEyVjt9RTIlYA==,QHZEZV1dbTVrb2Y8PnxZ,OUosPkdZbTVzcHVHJ3tC,d0lZbD52PjVBdTBUX2Ip
KHtAdzo6XDVPSkx9Okwi,NzVMbnVLJzcpL3VZcG8z,PCVdMksoITkyQ0xLU1NU,XCx0Qm9zYzZaaiEoNGtI,eV1QN0xYcjV0KSQ9MnAy,MU0+dWNhIjl5c1lda0U6,JkVTT2QibzEwTHh4N1oqKw==,O1BETjYpLjEyQ1t5Y2lZaw==,Wj9gI2BDLDVDYj11Kj5M,ZGsuP3dKNTVIIj14S3dv
Inxka0klTTk7fS5AVkBM,WGxgdVgzcTh0VklfNj5I,VE5BVShQQDE0b0ldLUkibA==,c0xmXCx5XzlfMCg4RS0y,NzROeis9bzgqJWBmdjtL,d0l1TXhrZjEwIVxHVmtZMw==,MkhvWk0vLDEwUnxKfUJDIw==,KiJYMm01TjEwZCEoUEhwQQ==,SHtPPDRFLDEyWklpJCU+Kw==,ZWR4J3piWjEzeHhBe20sYQ==
LG5NP2B3VURhdGUgYW5kIFRpbWUgb2YgZXhlY3V0aW9uRndce3woPQ==,S0U0Zi1CQDMxLTEwLTIwMjAgMjE6NTY6NTg/J2ZxTHtk
